{"cameraMode":{"drawMode":0,"name":"Shaded","section":"Shading Mode"},"sceneLighting":true,"audioPlay":false,"sceneViewState":{"m_AlwaysRefresh":false,"showFog":true,"showSkybox":true,"showFlares":true,"showImageEffects":true,"showParticleSystems":true,"showVisualEffectGraphs":true,"m_FxEnabled":true},"in2DMode":false,"pivot":{"x":-0.27190908789634707,"y":0.0023184940218925478,"z":0.5759333372116089},"rotation":{"x":0.16719172894954682,"y":0.015380271710455418,"z":-0.0026076878421008589,"w":0.9858081936836243},"size":0.16499753296375276,"orthographic":true}